-- NearBy demo seed data (exported from local seeders).
-- Import this via phpMyAdmin AFTER nearby_db.sql has created the tables.
-- Adjust the USE statement below if your cPanel database name differs.

USE `nearby_umkm_db`;

SET FOREIGN_KEY_CHECKS = 0;

INSERT INTO `users` (`id`, `name`, `email`, `email_verified_at`, `password`, `phone`, `role`, `status`, `remember_token`, `deleted_at`, `created_at`, `updated_at`) VALUES (1,'Rizky Pratama','rizky.p@mail.com',NULL,'$2y$12$/SPXwVPzB9wOrc6lPVc/KuNe2e0wsK8VrvOH21O2zPgf69odYy.1i','0812-0000-0000','user','aktif',NULL,NULL,'2026-07-20 23:12:27','2026-07-20 23:12:27');
INSERT INTO `users` (`id`, `name`, `email`, `email_verified_at`, `password`, `phone`, `role`, `status`, `remember_token`, `deleted_at`, `created_at`, `updated_at`) VALUES (2,'Dewi Anjani','dewi.umkm@mail.com',NULL,'$2y$12$8bz.8dLOixPFaKaDnikE8ummGQ1TRaOqzB67jGcIo2rQxGrcrq0m.','0812-0000-0000','owner','aktif',NULL,NULL,'2026-07-20 23:12:27','2026-07-20 23:12:27');
INSERT INTO `users` (`id`, `name`, `email`, `email_verified_at`, `password`, `phone`, `role`, `status`, `remember_token`, `deleted_at`, `created_at`, `updated_at`) VALUES (3,'Suwarno','warkop.war@mail.com',NULL,'$2y$12$mY0kGNxTc/AvrrIPYkUUAu2.aq22W06BJo2YOu6YvIxn55iclbeem','0812-0000-0000','owner','menunggu',NULL,NULL,'2026-07-20 23:12:28','2026-07-20 23:12:28');
INSERT INTO `users` (`id`, `name`, `email`, `email_verified_at`, `password`, `phone`, `role`, `status`, `remember_token`, `deleted_at`, `created_at`, `updated_at`) VALUES (4,'Maya Sari','maya.s@mail.com',NULL,'$2y$12$DsotNNp3ZIIsee4iwiPrnO45mNh8oL00.p139UHP0aBJyrJC87osa','0812-0000-0000','user','aktif',NULL,NULL,'2026-07-20 23:12:28','2026-07-20 23:12:28');
INSERT INTO `users` (`id`, `name`, `email`, `email_verified_at`, `password`, `phone`, `role`, `status`, `remember_token`, `deleted_at`, `created_at`, `updated_at`) VALUES (5,'Bayu Firmansyah','bayu.f@mail.com',NULL,'$2y$12$tgR3HlrxoxM9LStmIfjusObLMcADIrWJNxsNB/G7HWXJerYbowCk2','0812-0000-0000','user','nonaktif',NULL,NULL,'2026-07-20 23:12:28','2026-07-20 23:12:28');
INSERT INTO `users` (`id`, `name`, `email`, `email_verified_at`, `password`, `phone`, `role`, `status`, `remember_token`, `deleted_at`, `created_at`, `updated_at`) VALUES (6,'Admin NearBy','admin@nearby.id',NULL,'$2y$12$ef4t1bhqYGcb96Dh1fue8eK3ZLMQjrAr94FtXyk492sz/2eHVN0Re','0812-0000-0000','admin','aktif',NULL,NULL,'2026-07-20 23:12:28','2026-07-20 23:12:28');
INSERT INTO `umkms` (`id`, `owner_id`, `name`, `category`, `location`, `rating`, `reviews_count`, `price_label`, `tag`, `img_label`, `address`, `hours`, `phone`, `ig`, `list_label`, `status`, `verification`, `views`, `deleted_at`, `created_at`, `updated_at`) VALUES (1,2,'Warung Kepiting Kenari','Kuliner','Balikpapan Timur',4.8,213,'Rp25–75rb','Seafood kepiting soka & lada hitam legendaris, resep turun-temurun.','foto kepiting','Jl. Manunggal No. 12, Balikpapan Timur','10.00 – 22.00 WITA','0812-5544-1122','@kepiting.kenari','Menu andalan','aktif','disetujui',0,NULL,'2026-07-20 23:12:28','2026-07-20 23:12:28');
INSERT INTO `umkms` (`id`, `owner_id`, `name`, `category`, `location`, `rating`, `reviews_count`, `price_label`, `tag`, `img_label`, `address`, `hours`, `phone`, `ig`, `list_label`, `status`, `verification`, `views`, `deleted_at`, `created_at`, `updated_at`) VALUES (2,NULL,'Kopi Saluang','Kuliner','Balikpapan Tengah',4.7,156,'Rp15–40rb','Kedai kopi robusta lokal dengan suasana hangat khas Kalimantan.','foto kedai kopi','Jl. Jenderal Sudirman No. 88, Balikpapan Tengah','08.00 – 23.00 WITA','0813-4477-9900','@kopi.saluang','Menu andalan','aktif','disetujui',0,NULL,'2026-07-20 23:12:28','2026-07-20 23:12:28');
INSERT INTO `umkms` (`id`, `owner_id`, `name`, `category`, `location`, `rating`, `reviews_count`, `price_label`, `tag`, `img_label`, `address`, `hours`, `phone`, `ig`, `list_label`, `status`, `verification`, `views`, `deleted_at`, `created_at`, `updated_at`) VALUES (3,NULL,'Penginapan Teluk Asri','Penginapan','Balikpapan Selatan',4.6,98,'Rp180–350rb','Homestay nyaman tepi teluk, cocok untuk keluarga dan pekerja.','foto kamar','Jl. Sepinggan Baru No. 5, Balikpapan Selatan','Check-in 14.00 · Check-out 12.00','0821-5566-3344','@teluk.asri.stay','Tipe kamar','aktif','disetujui',0,NULL,'2026-07-20 23:12:28','2026-07-20 23:12:28');
INSERT INTO `umkms` (`id`, `owner_id`, `name`, `category`, `location`, `rating`, `reviews_count`, `price_label`, `tag`, `img_label`, `address`, `hours`, `phone`, `ig`, `list_label`, `status`, `verification`, `views`, `deleted_at`, `created_at`, `updated_at`) VALUES (4,2,'Amplang Bahari','Oleh-Oleh','Balikpapan Utara',4.9,321,'Rp20–60rb','Amplang ikan tenggiri renyah, oleh-oleh khas Balikpapan paling dicari.','foto amplang','Jl. Mulawarman No. 40, Balikpapan Utara','08.00 – 20.00 WITA','0852-4488-2211','@amplang.bahari','Produk','aktif','disetujui',0,NULL,'2026-07-20 23:12:28','2026-07-20 23:12:28');
INSERT INTO `umkms` (`id`, `owner_id`, `name`, `category`, `location`, `rating`, `reviews_count`, `price_label`, `tag`, `img_label`, `address`, `hours`, `phone`, `ig`, `list_label`, `status`, `verification`, `views`, `deleted_at`, `created_at`, `updated_at`) VALUES (5,NULL,'Batik Beruang Madu','Fashion','Balikpapan Kota',4.5,74,'Rp95–450rb','Batik tulis & cap motif beruang madu, ikon khas Kota Balikpapan.','foto batik','Jl. Ahmad Yani No. 21, Balikpapan Tengah','09.00 – 21.00 WITA','0819-3322-7788','@batik.beruangmadu','Koleksi','aktif','disetujui',0,NULL,'2026-07-20 23:12:28','2026-07-20 23:12:28');
INSERT INTO `umkms` (`id`, `owner_id`, `name`, `category`, `location`, `rating`, `reviews_count`, `price_label`, `tag`, `img_label`, `address`, `hours`, `phone`, `ig`, `list_label`, `status`, `verification`, `views`, `deleted_at`, `created_at`, `updated_at`) VALUES (6,NULL,'Servis Motor Pak Gultom','Jasa','Balikpapan Barat',4.7,142,'Mulai Rp30rb','Bengkel motor tepercaya, servis cepat & suku cadang lengkap.','foto bengkel','Jl. Marsma Iswahyudi No. 9, Balikpapan Barat','08.00 – 18.00 WITA','0811-2299-6655','@gultom.motor','Layanan','aktif','disetujui',0,NULL,'2026-07-20 23:12:28','2026-07-20 23:12:28');
INSERT INTO `umkms` (`id`, `owner_id`, `name`, `category`, `location`, `rating`, `reviews_count`, `price_label`, `tag`, `img_label`, `address`, `hours`, `phone`, `ig`, `list_label`, `status`, `verification`, `views`, `deleted_at`, `created_at`, `updated_at`) VALUES (7,NULL,'Nasi Kuning Sambal Raja','Kuliner','Balikpapan Utara',4.8,265,'Rp12–25rb','Nasi kuning legendaris pagi hari dengan sambal khas yang menggugah.','foto nasi kuning','Jl. Pupuk Raya No. 3, Balikpapan Utara','05.00 – 11.00 WITA','0857-9900-1234','@sambalraja.bpn','Menu andalan','aktif','disetujui',0,NULL,'2026-07-20 23:12:28','2026-07-20 23:12:28');
INSERT INTO `umkms` (`id`, `owner_id`, `name`, `category`, `location`, `rating`, `reviews_count`, `price_label`, `tag`, `img_label`, `address`, `hours`, `phone`, `ig`, `list_label`, `status`, `verification`, `views`, `deleted_at`, `created_at`, `updated_at`) VALUES (8,NULL,'Kriya Rotan Manggar','Oleh-Oleh','Balikpapan Timur',4.6,58,'Rp45–300rb','Kerajinan rotan handmade — tas, keranjang, dan dekorasi rumah.','foto kerajinan','Jl. Mulawarman, Manggar, Balikpapan Timur','09.00 – 17.00 WITA','0813-7788-4455','@kriya.manggar','Produk','aktif','disetujui',0,NULL,'2026-07-20 23:12:28','2026-07-20 23:12:28');
INSERT INTO `umkms` (`id`, `owner_id`, `name`, `category`, `location`, `rating`, `reviews_count`, `price_label`, `tag`, `img_label`, `address`, `hours`, `phone`, `ig`, `list_label`, `status`, `verification`, `views`, `deleted_at`, `created_at`, `updated_at`) VALUES (9,NULL,'Wisma Somber Stay','Penginapan','Balikpapan Utara',4.4,41,'Rp150–280rb','Penginapan bersih dekat pelabuhan Somber, praktis untuk transit.','foto wisma','Jl. Sultan Hasanuddin No. 17, Balikpapan Utara','Check-in 13.00 · Check-out 12.00','0822-3344-5566','@somber.stay','Tipe kamar','aktif','disetujui',0,NULL,'2026-07-20 23:12:28','2026-07-20 23:12:28');
INSERT INTO `umkms` (`id`, `owner_id`, `name`, `category`, `location`, `rating`, `reviews_count`, `price_label`, `tag`, `img_label`, `address`, `hours`, `phone`, `ig`, `list_label`, `status`, `verification`, `views`, `deleted_at`, `created_at`, `updated_at`) VALUES (10,NULL,'Laundry Kilat Sepinggan','Jasa','Balikpapan Selatan',4.6,187,'Rp7rb/kg','Laundry express selesai 3 jam, wangi & rapi, antar-jemput tersedia.','foto laundry','Jl. Marsma R. Iswahyudi No. 55, Balikpapan Selatan','07.00 – 21.00 WITA','0812-6677-8899','@laundrykilat.spg','Layanan','aktif','disetujui',0,NULL,'2026-07-20 23:12:28','2026-07-20 23:12:28');
INSERT INTO `umkm_items` (`id`, `umkm_id`, `name`, `price`, `img`, `available`, `created_at`, `updated_at`) VALUES (1,1,'Kepiting Saus Padang','Rp68rb',NULL,1,'2026-07-20 23:12:28','2026-07-20 23:12:28');
INSERT INTO `umkm_items` (`id`, `umkm_id`, `name`, `price`, `img`, `available`, `created_at`, `updated_at`) VALUES (2,1,'Kepiting Lada Hitam','Rp72rb',NULL,1,'2026-07-20 23:12:28','2026-07-20 23:12:28');
INSERT INTO `umkm_items` (`id`, `umkm_id`, `name`, `price`, `img`, `available`, `created_at`, `updated_at`) VALUES (3,1,'Udang Galah Bakar','Rp55rb',NULL,1,'2026-07-20 23:12:28','2026-07-20 23:12:28');
INSERT INTO `umkm_items` (`id`, `umkm_id`, `name`, `price`, `img`, `available`, `created_at`, `updated_at`) VALUES (4,1,'Cumi Goreng Tepung','Rp38rb',NULL,1,'2026-07-20 23:12:28','2026-07-20 23:12:28');
INSERT INTO `umkm_items` (`id`, `umkm_id`, `name`, `price`, `img`, `available`, `created_at`, `updated_at`) VALUES (5,2,'Kopi Susu Saluang','Rp22rb',NULL,1,'2026-07-20 23:12:28','2026-07-20 23:12:28');
INSERT INTO `umkm_items` (`id`, `umkm_id`, `name`, `price`, `img`, `available`, `created_at`, `updated_at`) VALUES (6,2,'Robusta Tubruk','Rp15rb',NULL,1,'2026-07-20 23:12:28','2026-07-20 23:12:28');
INSERT INTO `umkm_items` (`id`, `umkm_id`, `name`, `price`, `img`, `available`, `created_at`, `updated_at`) VALUES (7,2,'Aren Latte','Rp26rb',NULL,1,'2026-07-20 23:12:28','2026-07-20 23:12:28');
INSERT INTO `umkm_items` (`id`, `umkm_id`, `name`, `price`, `img`, `available`, `created_at`, `updated_at`) VALUES (8,2,'Roti Bakar Srikaya','Rp18rb',NULL,1,'2026-07-20 23:12:28','2026-07-20 23:12:28');
INSERT INTO `umkm_items` (`id`, `umkm_id`, `name`, `price`, `img`, `available`, `created_at`, `updated_at`) VALUES (9,3,'Standar Twin','Rp180rb',NULL,1,'2026-07-20 23:12:28','2026-07-20 23:12:28');
INSERT INTO `umkm_items` (`id`, `umkm_id`, `name`, `price`, `img`, `available`, `created_at`, `updated_at`) VALUES (10,3,'Deluxe AC','Rp250rb',NULL,1,'2026-07-20 23:12:28','2026-07-20 23:12:28');
INSERT INTO `umkm_items` (`id`, `umkm_id`, `name`, `price`, `img`, `available`, `created_at`, `updated_at`) VALUES (11,3,'Family Room','Rp350rb',NULL,1,'2026-07-20 23:12:28','2026-07-20 23:12:28');
INSERT INTO `umkm_items` (`id`, `umkm_id`, `name`, `price`, `img`, `available`, `created_at`, `updated_at`) VALUES (12,3,'Extra Bed','Rp60rb',NULL,1,'2026-07-20 23:12:28','2026-07-20 23:12:28');
INSERT INTO `umkm_items` (`id`, `umkm_id`, `name`, `price`, `img`, `available`, `created_at`, `updated_at`) VALUES (13,4,'Amplang Tenggiri 250gr','Rp35rb',NULL,1,'2026-07-20 23:12:28','2026-07-20 23:12:28');
INSERT INTO `umkm_items` (`id`, `umkm_id`, `name`, `price`, `img`, `available`, `created_at`, `updated_at`) VALUES (14,4,'Amplang Pedas 250gr','Rp38rb',NULL,1,'2026-07-20 23:12:28','2026-07-20 23:12:28');
INSERT INTO `umkm_items` (`id`, `umkm_id`, `name`, `price`, `img`, `available`, `created_at`, `updated_at`) VALUES (15,4,'Kerupuk Kuku Macan','Rp25rb',NULL,1,'2026-07-20 23:12:28','2026-07-20 23:12:28');
INSERT INTO `umkm_items` (`id`, `umkm_id`, `name`, `price`, `img`, `available`, `created_at`, `updated_at`) VALUES (16,4,'Paket Oleh-oleh','Rp60rb',NULL,1,'2026-07-20 23:12:28','2026-07-20 23:12:28');
INSERT INTO `umkm_items` (`id`, `umkm_id`, `name`, `price`, `img`, `available`, `created_at`, `updated_at`) VALUES (17,5,'Kemeja Batik Cap','Rp150rb',NULL,1,'2026-07-20 23:12:28','2026-07-20 23:12:28');
INSERT INTO `umkm_items` (`id`, `umkm_id`, `name`, `price`, `img`, `available`, `created_at`, `updated_at`) VALUES (18,5,'Kain Batik Tulis','Rp450rb',NULL,1,'2026-07-20 23:12:28','2026-07-20 23:12:28');
INSERT INTO `umkm_items` (`id`, `umkm_id`, `name`, `price`, `img`, `available`, `created_at`, `updated_at`) VALUES (19,5,'Dress Motif Madu','Rp220rb',NULL,1,'2026-07-20 23:12:28','2026-07-20 23:12:28');
INSERT INTO `umkm_items` (`id`, `umkm_id`, `name`, `price`, `img`, `available`, `created_at`, `updated_at`) VALUES (20,5,'Selendang','Rp95rb',NULL,1,'2026-07-20 23:12:28','2026-07-20 23:12:28');
INSERT INTO `umkm_items` (`id`, `umkm_id`, `name`, `price`, `img`, `available`, `created_at`, `updated_at`) VALUES (21,6,'Servis Ringan','Rp45rb',NULL,1,'2026-07-20 23:12:28','2026-07-20 23:12:28');
INSERT INTO `umkm_items` (`id`, `umkm_id`, `name`, `price`, `img`, `available`, `created_at`, `updated_at`) VALUES (22,6,'Ganti Oli','Rp30rb',NULL,1,'2026-07-20 23:12:28','2026-07-20 23:12:28');
INSERT INTO `umkm_items` (`id`, `umkm_id`, `name`, `price`, `img`, `available`, `created_at`, `updated_at`) VALUES (23,6,'Tune Up','Rp90rb',NULL,1,'2026-07-20 23:12:28','2026-07-20 23:12:28');
INSERT INTO `umkm_items` (`id`, `umkm_id`, `name`, `price`, `img`, `available`, `created_at`, `updated_at`) VALUES (24,6,'Servis Rem','Rp55rb',NULL,1,'2026-07-20 23:12:28','2026-07-20 23:12:28');
INSERT INTO `umkm_items` (`id`, `umkm_id`, `name`, `price`, `img`, `available`, `created_at`, `updated_at`) VALUES (25,7,'Nasi Kuning Komplit','Rp20rb',NULL,1,'2026-07-20 23:12:28','2026-07-20 23:12:28');
INSERT INTO `umkm_items` (`id`, `umkm_id`, `name`, `price`, `img`, `available`, `created_at`, `updated_at`) VALUES (26,7,'Nasi Kuning Ayam','Rp25rb',NULL,1,'2026-07-20 23:12:28','2026-07-20 23:12:28');
INSERT INTO `umkm_items` (`id`, `umkm_id`, `name`, `price`, `img`, `available`, `created_at`, `updated_at`) VALUES (27,7,'Nasi Kuning Telur','Rp12rb',NULL,1,'2026-07-20 23:12:28','2026-07-20 23:12:28');
INSERT INTO `umkm_items` (`id`, `umkm_id`, `name`, `price`, `img`, `available`, `created_at`, `updated_at`) VALUES (28,7,'Teh Manis Hangat','Rp5rb',NULL,1,'2026-07-20 23:12:28','2026-07-20 23:12:28');
INSERT INTO `umkm_items` (`id`, `umkm_id`, `name`, `price`, `img`, `available`, `created_at`, `updated_at`) VALUES (29,8,'Tas Rotan','Rp180rb',NULL,1,'2026-07-20 23:12:28','2026-07-20 23:12:28');
INSERT INTO `umkm_items` (`id`, `umkm_id`, `name`, `price`, `img`, `available`, `created_at`, `updated_at`) VALUES (30,8,'Keranjang Anyam','Rp75rb',NULL,1,'2026-07-20 23:12:28','2026-07-20 23:12:28');
INSERT INTO `umkm_items` (`id`, `umkm_id`, `name`, `price`, `img`, `available`, `created_at`, `updated_at`) VALUES (31,8,'Tudung Saji','Rp45rb',NULL,1,'2026-07-20 23:12:28','2026-07-20 23:12:28');
INSERT INTO `umkm_items` (`id`, `umkm_id`, `name`, `price`, `img`, `available`, `created_at`, `updated_at`) VALUES (32,8,'Kursi Rotan','Rp300rb',NULL,1,'2026-07-20 23:12:28','2026-07-20 23:12:28');
INSERT INTO `umkm_items` (`id`, `umkm_id`, `name`, `price`, `img`, `available`, `created_at`, `updated_at`) VALUES (33,9,'Ekonomi Fan','Rp150rb',NULL,1,'2026-07-20 23:12:28','2026-07-20 23:12:28');
INSERT INTO `umkm_items` (`id`, `umkm_id`, `name`, `price`, `img`, `available`, `created_at`, `updated_at`) VALUES (34,9,'Standar AC','Rp220rb',NULL,1,'2026-07-20 23:12:28','2026-07-20 23:12:28');
INSERT INTO `umkm_items` (`id`, `umkm_id`, `name`, `price`, `img`, `available`, `created_at`, `updated_at`) VALUES (35,9,'Deluxe','Rp280rb',NULL,1,'2026-07-20 23:12:28','2026-07-20 23:12:28');
INSERT INTO `umkm_items` (`id`, `umkm_id`, `name`, `price`, `img`, `available`, `created_at`, `updated_at`) VALUES (36,9,'Extra Bed','Rp50rb',NULL,1,'2026-07-20 23:12:28','2026-07-20 23:12:28');
INSERT INTO `umkm_items` (`id`, `umkm_id`, `name`, `price`, `img`, `available`, `created_at`, `updated_at`) VALUES (37,10,'Cuci Kering Lipat','Rp7rb/kg',NULL,1,'2026-07-20 23:12:28','2026-07-20 23:12:28');
INSERT INTO `umkm_items` (`id`, `umkm_id`, `name`, `price`, `img`, `available`, `created_at`, `updated_at`) VALUES (38,10,'Cuci Setrika','Rp10rb/kg',NULL,1,'2026-07-20 23:12:28','2026-07-20 23:12:28');
INSERT INTO `umkm_items` (`id`, `umkm_id`, `name`, `price`, `img`, `available`, `created_at`, `updated_at`) VALUES (39,10,'Express 3 Jam','Rp15rb/kg',NULL,1,'2026-07-20 23:12:28','2026-07-20 23:12:28');
INSERT INTO `umkm_items` (`id`, `umkm_id`, `name`, `price`, `img`, `available`, `created_at`, `updated_at`) VALUES (40,10,'Bed Cover','Rp25rb',NULL,1,'2026-07-20 23:12:28','2026-07-20 23:12:28');
INSERT INTO `reviews` (`id`, `umkm_id`, `user_id`, `author_name`, `stars`, `text`, `reply`, `created_at`, `updated_at`) VALUES (1,1,NULL,'Rani Oktaviani',5,'Pelayanannya ramah banget, rasanya juara! Sudah beberapa kali balik ke sini dan nggak pernah kecewa.',NULL,'2026-07-18 23:12:28','2026-07-18 23:12:28');
INSERT INTO `reviews` (`id`, `umkm_id`, `user_id`, `author_name`, `stars`, `text`, `reply`, `created_at`, `updated_at`) VALUES (2,1,NULL,'Bayu Firmansyah',4,'Tempatnya nyaman dan bersih. Harga sesuai kualitas, recommended buat warga sekitaran.',NULL,'2026-07-13 23:12:28','2026-07-13 23:12:28');
INSERT INTO `reviews` (`id`, `umkm_id`, `user_id`, `author_name`, `stars`, `text`, `reply`, `created_at`, `updated_at`) VALUES (3,1,NULL,'Siti Marlina',5,'Salah satu yang terbaik di Balikpapan. Gampang ditemukan lewat NearBy, terima kasih!',NULL,'2026-07-06 23:12:28','2026-07-06 23:12:28');
INSERT INTO `reviews` (`id`, `umkm_id`, `user_id`, `author_name`, `stars`, `text`, `reply`, `created_at`, `updated_at`) VALUES (4,2,NULL,'Rani Oktaviani',5,'Pelayanannya ramah banget, rasanya juara! Sudah beberapa kali balik ke sini dan nggak pernah kecewa.',NULL,'2026-07-18 23:12:28','2026-07-18 23:12:28');
INSERT INTO `reviews` (`id`, `umkm_id`, `user_id`, `author_name`, `stars`, `text`, `reply`, `created_at`, `updated_at`) VALUES (5,2,NULL,'Bayu Firmansyah',4,'Tempatnya nyaman dan bersih. Harga sesuai kualitas, recommended buat warga sekitaran.',NULL,'2026-07-13 23:12:28','2026-07-13 23:12:28');
INSERT INTO `reviews` (`id`, `umkm_id`, `user_id`, `author_name`, `stars`, `text`, `reply`, `created_at`, `updated_at`) VALUES (6,2,NULL,'Siti Marlina',5,'Salah satu yang terbaik di Balikpapan. Gampang ditemukan lewat NearBy, terima kasih!',NULL,'2026-07-06 23:12:28','2026-07-06 23:12:28');
INSERT INTO `reviews` (`id`, `umkm_id`, `user_id`, `author_name`, `stars`, `text`, `reply`, `created_at`, `updated_at`) VALUES (7,3,NULL,'Rani Oktaviani',5,'Pelayanannya ramah banget, rasanya juara! Sudah beberapa kali balik ke sini dan nggak pernah kecewa.',NULL,'2026-07-18 23:12:28','2026-07-18 23:12:28');
INSERT INTO `reviews` (`id`, `umkm_id`, `user_id`, `author_name`, `stars`, `text`, `reply`, `created_at`, `updated_at`) VALUES (8,3,NULL,'Bayu Firmansyah',4,'Tempatnya nyaman dan bersih. Harga sesuai kualitas, recommended buat warga sekitaran.',NULL,'2026-07-13 23:12:28','2026-07-13 23:12:28');
INSERT INTO `reviews` (`id`, `umkm_id`, `user_id`, `author_name`, `stars`, `text`, `reply`, `created_at`, `updated_at`) VALUES (9,3,NULL,'Siti Marlina',5,'Salah satu yang terbaik di Balikpapan. Gampang ditemukan lewat NearBy, terima kasih!',NULL,'2026-07-06 23:12:28','2026-07-06 23:12:28');
INSERT INTO `reviews` (`id`, `umkm_id`, `user_id`, `author_name`, `stars`, `text`, `reply`, `created_at`, `updated_at`) VALUES (10,4,NULL,'Rani Oktaviani',5,'Pelayanannya ramah banget, rasanya juara! Sudah beberapa kali balik ke sini dan nggak pernah kecewa.',NULL,'2026-07-18 23:12:28','2026-07-18 23:12:28');
INSERT INTO `reviews` (`id`, `umkm_id`, `user_id`, `author_name`, `stars`, `text`, `reply`, `created_at`, `updated_at`) VALUES (11,4,NULL,'Bayu Firmansyah',4,'Tempatnya nyaman dan bersih. Harga sesuai kualitas, recommended buat warga sekitaran.',NULL,'2026-07-13 23:12:28','2026-07-13 23:12:28');
INSERT INTO `reviews` (`id`, `umkm_id`, `user_id`, `author_name`, `stars`, `text`, `reply`, `created_at`, `updated_at`) VALUES (12,4,NULL,'Siti Marlina',5,'Salah satu yang terbaik di Balikpapan. Gampang ditemukan lewat NearBy, terima kasih!',NULL,'2026-07-06 23:12:28','2026-07-06 23:12:28');
INSERT INTO `reviews` (`id`, `umkm_id`, `user_id`, `author_name`, `stars`, `text`, `reply`, `created_at`, `updated_at`) VALUES (13,5,NULL,'Rani Oktaviani',5,'Pelayanannya ramah banget, rasanya juara! Sudah beberapa kali balik ke sini dan nggak pernah kecewa.',NULL,'2026-07-18 23:12:28','2026-07-18 23:12:28');
INSERT INTO `reviews` (`id`, `umkm_id`, `user_id`, `author_name`, `stars`, `text`, `reply`, `created_at`, `updated_at`) VALUES (14,5,NULL,'Bayu Firmansyah',4,'Tempatnya nyaman dan bersih. Harga sesuai kualitas, recommended buat warga sekitaran.',NULL,'2026-07-13 23:12:28','2026-07-13 23:12:28');
INSERT INTO `reviews` (`id`, `umkm_id`, `user_id`, `author_name`, `stars`, `text`, `reply`, `created_at`, `updated_at`) VALUES (15,5,NULL,'Siti Marlina',5,'Salah satu yang terbaik di Balikpapan. Gampang ditemukan lewat NearBy, terima kasih!',NULL,'2026-07-06 23:12:28','2026-07-06 23:12:28');
INSERT INTO `reviews` (`id`, `umkm_id`, `user_id`, `author_name`, `stars`, `text`, `reply`, `created_at`, `updated_at`) VALUES (16,6,NULL,'Rani Oktaviani',5,'Pelayanannya ramah banget, rasanya juara! Sudah beberapa kali balik ke sini dan nggak pernah kecewa.',NULL,'2026-07-18 23:12:28','2026-07-18 23:12:28');
INSERT INTO `reviews` (`id`, `umkm_id`, `user_id`, `author_name`, `stars`, `text`, `reply`, `created_at`, `updated_at`) VALUES (17,6,NULL,'Bayu Firmansyah',4,'Tempatnya nyaman dan bersih. Harga sesuai kualitas, recommended buat warga sekitaran.',NULL,'2026-07-13 23:12:28','2026-07-13 23:12:28');
INSERT INTO `reviews` (`id`, `umkm_id`, `user_id`, `author_name`, `stars`, `text`, `reply`, `created_at`, `updated_at`) VALUES (18,6,NULL,'Siti Marlina',5,'Salah satu yang terbaik di Balikpapan. Gampang ditemukan lewat NearBy, terima kasih!',NULL,'2026-07-06 23:12:28','2026-07-06 23:12:28');
INSERT INTO `reviews` (`id`, `umkm_id`, `user_id`, `author_name`, `stars`, `text`, `reply`, `created_at`, `updated_at`) VALUES (19,7,NULL,'Rani Oktaviani',5,'Pelayanannya ramah banget, rasanya juara! Sudah beberapa kali balik ke sini dan nggak pernah kecewa.',NULL,'2026-07-18 23:12:28','2026-07-18 23:12:28');
INSERT INTO `reviews` (`id`, `umkm_id`, `user_id`, `author_name`, `stars`, `text`, `reply`, `created_at`, `updated_at`) VALUES (20,7,NULL,'Bayu Firmansyah',4,'Tempatnya nyaman dan bersih. Harga sesuai kualitas, recommended buat warga sekitaran.',NULL,'2026-07-13 23:12:28','2026-07-13 23:12:28');
INSERT INTO `reviews` (`id`, `umkm_id`, `user_id`, `author_name`, `stars`, `text`, `reply`, `created_at`, `updated_at`) VALUES (21,7,NULL,'Siti Marlina',5,'Salah satu yang terbaik di Balikpapan. Gampang ditemukan lewat NearBy, terima kasih!',NULL,'2026-07-06 23:12:28','2026-07-06 23:12:28');
INSERT INTO `reviews` (`id`, `umkm_id`, `user_id`, `author_name`, `stars`, `text`, `reply`, `created_at`, `updated_at`) VALUES (22,8,NULL,'Rani Oktaviani',5,'Pelayanannya ramah banget, rasanya juara! Sudah beberapa kali balik ke sini dan nggak pernah kecewa.',NULL,'2026-07-18 23:12:28','2026-07-18 23:12:28');
INSERT INTO `reviews` (`id`, `umkm_id`, `user_id`, `author_name`, `stars`, `text`, `reply`, `created_at`, `updated_at`) VALUES (23,8,NULL,'Bayu Firmansyah',4,'Tempatnya nyaman dan bersih. Harga sesuai kualitas, recommended buat warga sekitaran.',NULL,'2026-07-13 23:12:28','2026-07-13 23:12:28');
INSERT INTO `reviews` (`id`, `umkm_id`, `user_id`, `author_name`, `stars`, `text`, `reply`, `created_at`, `updated_at`) VALUES (24,8,NULL,'Siti Marlina',5,'Salah satu yang terbaik di Balikpapan. Gampang ditemukan lewat NearBy, terima kasih!',NULL,'2026-07-06 23:12:28','2026-07-06 23:12:28');
INSERT INTO `reviews` (`id`, `umkm_id`, `user_id`, `author_name`, `stars`, `text`, `reply`, `created_at`, `updated_at`) VALUES (25,9,NULL,'Rani Oktaviani',5,'Pelayanannya ramah banget, rasanya juara! Sudah beberapa kali balik ke sini dan nggak pernah kecewa.',NULL,'2026-07-18 23:12:28','2026-07-18 23:12:28');
INSERT INTO `reviews` (`id`, `umkm_id`, `user_id`, `author_name`, `stars`, `text`, `reply`, `created_at`, `updated_at`) VALUES (26,9,NULL,'Bayu Firmansyah',4,'Tempatnya nyaman dan bersih. Harga sesuai kualitas, recommended buat warga sekitaran.',NULL,'2026-07-13 23:12:28','2026-07-13 23:12:28');
INSERT INTO `reviews` (`id`, `umkm_id`, `user_id`, `author_name`, `stars`, `text`, `reply`, `created_at`, `updated_at`) VALUES (27,9,NULL,'Siti Marlina',5,'Salah satu yang terbaik di Balikpapan. Gampang ditemukan lewat NearBy, terima kasih!',NULL,'2026-07-06 23:12:28','2026-07-06 23:12:28');
INSERT INTO `reviews` (`id`, `umkm_id`, `user_id`, `author_name`, `stars`, `text`, `reply`, `created_at`, `updated_at`) VALUES (28,10,NULL,'Rani Oktaviani',5,'Pelayanannya ramah banget, rasanya juara! Sudah beberapa kali balik ke sini dan nggak pernah kecewa.',NULL,'2026-07-18 23:12:28','2026-07-18 23:12:28');
INSERT INTO `reviews` (`id`, `umkm_id`, `user_id`, `author_name`, `stars`, `text`, `reply`, `created_at`, `updated_at`) VALUES (29,10,NULL,'Bayu Firmansyah',4,'Tempatnya nyaman dan bersih. Harga sesuai kualitas, recommended buat warga sekitaran.',NULL,'2026-07-13 23:12:28','2026-07-13 23:12:28');
INSERT INTO `reviews` (`id`, `umkm_id`, `user_id`, `author_name`, `stars`, `text`, `reply`, `created_at`, `updated_at`) VALUES (30,10,NULL,'Siti Marlina',5,'Salah satu yang terbaik di Balikpapan. Gampang ditemukan lewat NearBy, terima kasih!',NULL,'2026-07-06 23:12:28','2026-07-06 23:12:28');
INSERT INTO `favorites` (`id`, `user_id`, `umkm_id`, `created_at`, `updated_at`) VALUES (1,1,1,'2026-07-20 23:12:28','2026-07-20 23:12:28');
INSERT INTO `favorites` (`id`, `user_id`, `umkm_id`, `created_at`, `updated_at`) VALUES (2,1,2,'2026-07-20 23:12:28','2026-07-20 23:12:28');
INSERT INTO `favorites` (`id`, `user_id`, `umkm_id`, `created_at`, `updated_at`) VALUES (3,1,4,'2026-07-20 23:12:28','2026-07-20 23:12:28');
INSERT INTO `favorites` (`id`, `user_id`, `umkm_id`, `created_at`, `updated_at`) VALUES (4,1,7,'2026-07-20 23:12:28','2026-07-20 23:12:28');
INSERT INTO `favorites` (`id`, `user_id`, `umkm_id`, `created_at`, `updated_at`) VALUES (5,4,3,'2026-07-20 23:12:28','2026-07-20 23:12:28');
INSERT INTO `favorites` (`id`, `user_id`, `umkm_id`, `created_at`, `updated_at`) VALUES (6,4,5,'2026-07-20 23:12:28','2026-07-20 23:12:28');
INSERT INTO `favorites` (`id`, `user_id`, `umkm_id`, `created_at`, `updated_at`) VALUES (7,4,9,'2026-07-20 23:12:28','2026-07-20 23:12:28');
INSERT INTO `submissions` (`id`, `umkm_id`, `owner_id`, `name`, `owner_name`, `category`, `location`, `status`, `checks`, `files`, `created_at`, `updated_at`) VALUES (1,NULL,NULL,'Bakso Urat Cak War','Suwarno','Kuliner','Balikpapan Selatan','menunggu','[[\"Deskripsi usaha\",true],[\"Alamat lengkap\",true],[\"Nomor telepon\",true],[\"Foto (min. 3)\",false],[\"Jam operasional\",true],[\"Kategori & wilayah\",true]]','[{\"name\":\"Tampak depan\",\"kind\":\"image\",\"ok\":true,\"meta\":\"JPG \\u00b7 1.2 MB\"},{\"name\":\"Menu bakso\",\"kind\":\"image\",\"ok\":true,\"meta\":\"JPG \\u00b7 980 KB\"},{\"name\":\"Foto tempat 3\",\"kind\":\"image\",\"ok\":false,\"meta\":\"Belum diunggah\"},{\"name\":\"KTP pemilik\",\"kind\":\"doc\",\"ok\":true,\"meta\":\"PDF \\u00b7 640 KB\"},{\"name\":\"Surat izin usaha (SIUP)\",\"kind\":\"doc\",\"ok\":false,\"meta\":\"Belum diunggah\"}]','2026-07-20 23:12:28','2026-07-20 23:12:28');
INSERT INTO `submissions` (`id`, `umkm_id`, `owner_id`, `name`, `owner_name`, `category`, `location`, `status`, `checks`, `files`, `created_at`, `updated_at`) VALUES (2,NULL,NULL,'Homestay Bukit Damai','Linda Wijaya','Penginapan','Balikpapan Kota','menunggu','[[\"Deskripsi usaha\",true],[\"Alamat lengkap\",true],[\"Nomor telepon\",true],[\"Foto (min. 3)\",true],[\"Jam operasional\",true],[\"Kategori & wilayah\",true]]','[{\"name\":\"Tampak depan\",\"kind\":\"image\",\"ok\":true,\"meta\":\"JPG \\u00b7 1.6 MB\"},{\"name\":\"Kamar\",\"kind\":\"image\",\"ok\":true,\"meta\":\"JPG \\u00b7 1.4 MB\"},{\"name\":\"Ruang tamu\",\"kind\":\"image\",\"ok\":true,\"meta\":\"JPG \\u00b7 1.1 MB\"},{\"name\":\"KTP pemilik\",\"kind\":\"doc\",\"ok\":true,\"meta\":\"PDF \\u00b7 720 KB\"},{\"name\":\"Surat izin usaha (SIUP)\",\"kind\":\"doc\",\"ok\":true,\"meta\":\"PDF \\u00b7 810 KB\"}]','2026-07-20 23:12:28','2026-07-20 23:12:28');
INSERT INTO `submissions` (`id`, `umkm_id`, `owner_id`, `name`, `owner_name`, `category`, `location`, `status`, `checks`, `files`, `created_at`, `updated_at`) VALUES (3,NULL,NULL,'Thrift Corner Senja','Belum diisi','Fashion','Balikpapan Utara','menunggu','[[\"Deskripsi usaha\",false],[\"Alamat lengkap\",false],[\"Nomor telepon\",true],[\"Foto (min. 3)\",false],[\"Jam operasional\",false],[\"Kategori & wilayah\",true]]','[{\"name\":\"Tampak depan\",\"kind\":\"image\",\"ok\":true,\"meta\":\"JPG \\u00b7 900 KB\"},{\"name\":\"Foto koleksi 2\",\"kind\":\"image\",\"ok\":false,\"meta\":\"Belum diunggah\"},{\"name\":\"Foto koleksi 3\",\"kind\":\"image\",\"ok\":false,\"meta\":\"Belum diunggah\"},{\"name\":\"KTP pemilik\",\"kind\":\"doc\",\"ok\":false,\"meta\":\"Belum diunggah\"}]','2026-07-20 23:12:28','2026-07-20 23:12:28');

SET FOREIGN_KEY_CHECKS = 1;
